{
 "ours_30000": {
  "SSIM": {
   "00000.png": 0.9577682018280029,
   "00001.png": 0.9673069715499878,
   "00002.png": 0.978495717048645,
   "00003.png": 0.9816206693649292,
   "00004.png": 0.9628064632415771,
   "00005.png": 0.9701010584831238,
   "00006.png": 0.9521276950836182,
   "00007.png": 0.9577709436416626,
   "00008.png": 0.9714991450309753,
   "00009.png": 0.9637255072593689,
   "00010.png": 0.9723914861679077,
   "00011.png": 0.9717454314231873,
   "00012.png": 0.9767240285873413,
   "00013.png": 0.8993771076202393,
   "00014.png": 0.873015284538269,
   "00015.png": 0.9637613296508789,
   "00016.png": 0.9103566408157349
  },
  "PSNR": {
   "00000.png": 27.887500762939453,
   "00001.png": 28.57398796081543,
   "00002.png": 34.268394470214844,
   "00003.png": 35.2744255065918,
   "00004.png": 29.11520004272461,
   "00005.png": 24.936227798461914,
   "00006.png": 29.209518432617188,
   "00007.png": 25.160415649414062,
   "00008.png": 35.01712417602539,
   "00009.png": 32.156620025634766,
   "00010.png": 34.590843200683594,
   "00011.png": 33.54431915283203,
   "00012.png": 32.78118896484375,
   "00013.png": 19.090612411499023,
   "00014.png": 15.045440673828125,
   "00015.png": 28.448488235473633,
   "00016.png": 18.96112632751465
  },
  "LPIPS": {
   "00000.png": 0.16915443539619446,
   "00001.png": 0.13163872063159943,
   "00002.png": 0.0790671557188034,
   "00003.png": 0.07506786286830902,
   "00004.png": 0.15405508875846863,
   "00005.png": 0.11728270351886749,
   "00006.png": 0.13975340127944946,
   "00007.png": 0.1376669704914093,
   "00008.png": 0.13189876079559326,
   "00009.png": 0.11585306376218796,
   "00010.png": 0.1212146133184433,
   "00011.png": 0.11401830613613129,
   "00012.png": 0.11011456698179245,
   "00013.png": 0.2579430341720581,
   "00014.png": 0.28228914737701416,
   "00015.png": 0.16501113772392273,
   "00016.png": 0.23123344779014587
  }
 }
}