{
 "ours_30000": {
  "SSIM": 0.9547407627105713,
  "PSNR": 28.474199295043945,
  "LPIPS": 0.14901544153690338
 }
}